"","Cell_line","Daunorubicin","Doxorubicin","Epirubicin","Mitoxantrone"
"1","BT549",0.901,0.27505,0.5808,0.0213
"2","CAL51",0.1787,0.2571,0.0826,0.0119
"3","HCC1143",0.6763,0.45535,0.0954,0.0304
"4","HCC1806",0.6036,0.1642,0.4147,0.034
"5","HDQP1",0.9751,1.24285,0.34505,0.0606
"6","MCF7",0.5567,0.40245,0.2758,0.0161
"7","MDAMB231",1.5246,0.5906,0.07475,0.0167
"8","MDAMB468",0.5957,0.14985,0.12275,0.0592
"9","T47D",7.262,0.09725,0.34305,0.0057
"10","ZR751",1.0735,0.4073,0.0322,0.0207
