PC1,PC2,Drug_Name,Cluster
-2.2340241978820607,-0.04675658053405879,Control,2
0.9368532870515041,-1.5221375450531682,Dau_0.5,1
-0.523900130349454,2.0313880212202458,Dox_0.5,1
1.060428751348266,0.7750765880178172,Epi_0.5,3
2.1747565763060237,-0.051874510894059575,Mito_0.5,3
-1.4141142864742782,-1.1856959727567769,Tras_0.5,2
